{
  "call": [
    0.0,
    0.0,
    0.003104695351794362,
    -0.18696120381355286,
    0.03037225641310215,
    -0.3610471487045288,
    0.05396058410406113,
    -0.5050554275512695,
    0.05442366749048233,
    -0.6339824795722961,
    0.11571438610553741,
    -0.3506107032299042,
    0.15456554293632507,
    -0.2437424212694168,
    0.13637034595012665,
    -0.18238471448421478,
    0.11599791049957275,
    -0.179679274559021,
    0.13195930421352386,
    -0.24133989214897156,
    0.1643204391002655,
    -0.13259774446487427,
    0.1383620947599411,
    -0.08392615616321564,
    0.11481459438800812,
    -0.0843135192990303,
    0.13796444237232208,
    -0.11419900506734848,
    0.1704631745815277,
    -0.029417693614959717,
    0.1452392190694809,
    0.010135956108570099,
    0.12195435911417007,
    0.008045367896556854,
    0.13745474815368652,
    0.015863170847296715,
    0.19217947125434875,
    0.04842386394739151,
    0.22254256904125214,
    0.07878968864679337,
    0.2482038289308548,
    0.09255675226449966
  ],
  "dislike": [
    0.0,
    0.0,
    0.016826041042804718,
    0.23220983147621155,
    0.04661807045340538,
    0.43558844923973083,
    0.07233752310276031,
    0.6093847751617432,
    0.0811394676566124,
    0.7669824361801147,
    0.07096501439809799,
    0.21051454544067383,
    0.0869518369436264,
    0.2769063115119934,
    0.0640033558011055,
    0.2739805281162262,
    0.05213088542222977,
    0.2492949515581131,
    0.06660425662994385,
    0.05269912630319595,
    0.07795397937297821,
    0.12408196926116943,
    0.05271238833665848,
    0.1404249668121338,
    0.04170019179582596,
    0.11515387147665024,
    0.059467971324920654,
    -0.09890814870595932,
    0.07274848967790604,
    -0.03504253178834915,
    0.04665711149573326,
    0.0014852588064968586,
    0.034246884286403656,
    -0.01820625737309456,
    0.04966593533754349,
    -0.24600036442279816,
    0.06385117024183273,
    -0.19537334144115448,
    0.049440376460552216,
    -0.139230877161026,
    0.03505999594926834,
    -0.14168350398540497
  ],
  "fist": [
    0.0,
    0.0,
    0.015670133754611015,
    -0.08636529743671417,
    0.03387818485498428,
    -0.31558549404144287,
    0.027566444128751755,
    -0.5713094472885132,
    0.01826861873269081,
    -0.71072918176651,
    0.04776925593614578,
    -0.600602924823761,
    0.041308313608169556,
    -0.7962374687194824,
    0.028962314128875732,
    -0.5829563140869141,
    0.03771606460213661,
    -0.48152288794517517,
    0.031669288873672485,
    -0.6305720210075378,
    0.025830108672380447,
    -0.8109674453735352,
    0.022297292947769165,
    -0.5375046133995056,
    0.033854275941848755,
    -0.45659714937210083,
    0.018780788406729698,
    -0.6271113157272339,
    0.01163798663765192,
    -0.7844890356063843,
    0.013319064863026142,
    -0.515271782875061,
    0.024264827370643616,
    -0.42810922861099243,
    0.0035721012391149998,
    -0.5987438559532166,
    0.0005119686829857528,
    -0.7167850732803345,
    0.003445042995736003,
    -0.5304301977157593,
    0.010157310403883457,
    -0.4491475224494934
  ],
  "four": [
    0.0,
    0.0,
    0.050478022545576096,
    -0.08675150573253632,
    0.07906067371368408,
    -0.2436927855014801,
    0.05070239305496216,
    -0.36742836236953735,
    0.008750868029892445,
    -0.4113643169403076,
    0.06349506229162216,
    -0.46120840311050415,
    0.09053865820169449,
    -0.6501659750938416,
    0.10217521339654922,
    -0.7755075693130493,
    0.10873345285654068,
    -0.8813177943229675,
    0.019540484994649887,
    -0.4957606792449951,
    0.026250222697854042,
    -0.7161319255828857,
    0.02755459025502205,
    -0.8602738380432129,
    0.02473403513431549,
    -0.976982593536377,
    -0.017517486587166786,
    -0.4721408486366272,
    -0.027494778856635094,
    -0.6741663217544556,
    -0.029821395874023438,
    -0.8046044111251831,
    -0.033104147762060165,
    -0.9131617546081543,
    -0.05206160992383957,
    -0.40407246351242065,
    -0.07456164807081223,
    -0.5402949452400208,
    -0.08763788640499115,
    -0.6308950781822205,
    -0.09904192388057709,
    -0.7127929925918579
  ],
  "like": [
    0.0,
    0.0,
    0.009242771193385124,
    -0.26461273431777954,
    0.03447491675615311,
    -0.4841122031211853,
    0.04996371269226074,
    -0.6721469163894653,
    0.05228850245475769,
    -0.837673544883728,
    0.06766141206026077,
    -0.3549962341785431,
    0.13114774227142334,
    -0.31026384234428406,
    0.1181875690817833,
    -0.2775019109249115,
    0.09471102058887482,
    -0.27886784076690674,
    0.07480797171592712,
    -0.17540791630744934,
    0.1337926983833313,
    -0.14971154928207397,
    0.11619170010089874,
    -0.13364283740520477,
    0.09135536849498749,
    -0.13639645278453827,
    0.0779397189617157,
    -0.0032547148875892162,
    0.12922188639640808,
    0.0004436663002707064,
    0.11181582510471344,
    0.007967405952513218,
    0.08789803832769394,
    0.004793053958564997,
    0.07827998697757721,
    0.14906355738639832,
    0.11936503648757935,
    0.13819369673728943,
    0.10598228126764297,
    0.13391345739364624,
    0.08750109374523163,
    0.12792691588401794
  ],
  "mute": [
    0.0,
    0.0,
    0.044388528913259506,
    -0.09570068120956421,
    0.06550220400094986,
    -0.23081406950950623,
    0.08297039568424225,
    -0.3341737389564514,
    0.09117983281612396,
    -0.4211060404777527,
    0.0012482039164751768,
    -0.5023056864738464,
    0.002396534662693739,
    -0.700593113899231,
    0.011184471659362316,
    -0.846856415271759,
    0.017036346718668938,
    -0.9674703478813171,
    -0.01287201326340437,
    -0.4972293972969055,
    0.0553082637488842,
    -0.5384079813957214,
    0.07833222299814224,
    -0.3941050171852112,
    0.07652704417705536,
    -0.3011305034160614,
    -0.014969607815146446,
    -0.4455691874027252,
    0.057444579899311066,
    -0.4307107925415039,
    0.07569853961467743,
    -0.285287469625473,
    0.0722769945859909,
    -0.20548757910728455,
    -0.005560019984841347,
    -0.3710826635360718,
    0.04947463423013687,
    -0.3489092290401459,
    0.06397706270217896,
    -0.24504809081554413,
    0.062492452561855316,
    -0.1822071373462677
  ],
  "ok": [
    0.0,
    0.0,
    0.039049115031957626,
    -0.050289493054151535,
    0.07349120080471039,
    -0.15171003341674805,
    0.09744766354560852,
    -0.23291274905204773,
    0.11661694943904877,
    -0.3202936053276062,
    0.04536455124616623,
    -0.4217718243598938,
    0.07919277250766754,
    -0.5105760097503662,
    0.09616605937480927,
    -0.4546109735965729,
    0.10669860988855362,
    -0.37675851583480835,
    0.02078418619930744,
    -0.4793848991394043,
    0.04135008528828621,
    -0.6873106956481934,
    0.06696287542581558,
    -0.8171409368515015,
    0.08430726826190948,
    -0.9248484373092651,
    -0.006746613886207342,
    -0.4769558012485504,
    -0.007883345708251,
    -0.6881797909736633,
    0.002735397545620799,
    -0.8258928060531616,
    0.013377359136939049,
    -0.9395785331726074,
    -0.03651434928178787,
    -0.42033371329307556,
    -0.055756062269210815,
    -0.5744463205337524,
    -0.06449402123689651,
    -0.6836400628089905,
    -0.06611748039722443,
    -0.7814622521400452
  ],